videoPlayCount,url,hashtags,videoViewCount,videoDuration,commentsCount,mentions,caption,timestamp
,https://www.instagram.com/p/DKEQoS1sqln/,,,,0,,A dreamy colour palette for beach days and long summer nights,2025-05-25T07:00:44.000Z
81459.0,https://www.instagram.com/p/DJ8szmGNMQf/,,0.0,20.736,9,sofynicoledobson,5 fits to save for walking into the bank holiday in style ️ @sofynicoledobson,2025-05-22T08:05:15.000Z
,https://www.instagram.com/p/DKKKQxWxNHf/,,,,1,,Think lobster print and fish tees...this could be our favourite trend for summer 2025 so far,2025-05-27T14:00:28.000Z
92517.0,https://www.instagram.com/p/DJ_YYMAtMqP/,,0.0,27.539,8,meganellaby,3 bump-friendly holiday fits for your next getaway  @meganellaby,2025-05-23T09:03:15.000Z
76849.0,https://www.instagram.com/p/DKMH5zhNWlj/,,0.0,10.3,10,keziacook,4 go-to city girl styles to save for when the sunshine makes its comeback  @keziacook,2025-05-28T07:51:32.000Z
,https://www.instagram.com/p/DJ1Aq5IsKi8/,,,,2,,We heard bubble hems were making a comeback...,2025-05-19T08:25:41.000Z
75217.0,https://www.instagram.com/p/DKJmryGtcMU/,,0.0,18.1,10,ooliviamiller,"Come rain or shine, a signature bag and sandals combo is giving us all the summer vibes this bank holiday ✨ @ooliviamiller",2025-05-27T08:25:34.000Z
,https://www.instagram.com/p/DJvxJ51t7iB/,,,,6,inesisaias,THE dress for your city break strolls this summer  @inesisaias,2025-05-17T08:00:56.000Z
,https://www.instagram.com/p/DKByqwBvley/,,,,4,,PSA: we've just found the ultimate occasion dress ✨,2025-05-24T08:00:46.000Z
,https://www.instagram.com/p/DJ59bZVMJLA/,,,,1,,Laid-back looks you’ll live in all summer long ✨,2025-05-21T07:00:25.000Z
69247.0,https://www.instagram.com/p/DJoGjYENbUp/,,0.0,12.793,20,missjamiefirth,Linen season is upon us and we couldn’t be more excited  @missjamiefirth,2025-05-14T08:08:12.000Z
,https://www.instagram.com/p/DJdvnvluXKa/,,,,11,,Nothing beats putting on your best holiday outfit after a day in the sunshine,2025-05-10T08:00:57.000Z
117880.0,https://www.instagram.com/p/DJtR7OTAmFw/,,0.0,27.5,23,yasmindevonport,5 looks to inspire your spring wardrobe ✨ which outfit is your favourite? @yasmindevonport,2025-05-16T08:22:50.000Z
,https://www.instagram.com/p/DJld7oIMf0m/,,,,7,,Is there anything more chic than a lace satin skirt? We'll wait...,2025-05-13T08:00:35.000Z
,https://www.instagram.com/p/DJqgss4AekN/,,,,3,,PSA: your new go-to jorts just dropped,2025-05-15T07:00:58.000Z
,https://www.instagram.com/p/DJboLBiR8nU/,,,,3,,No matter the occasion...your perfect outfit awaits,2025-05-09T12:00:39.000Z
52159.0,https://www.instagram.com/p/DJi_0JPNtCW/,,0.0,10.588,2,,Be the event this season with occasionwear that turns heads ✨,2025-05-12T08:31:42.000Z
,https://www.instagram.com/p/DJgURaWNXfi/,,,,4,aanishagurung_,The dreamiest butter yellow dress for soaking up the spring sunshine ✨ @aanishagurung_,2025-05-11T08:00:07.000Z
100815.0,https://www.instagram.com/p/DJW9ODktYUB/,,0.0,10.6,10,whatgigiwears,Showing up in style this season…no matter the RSVP  @whatgigiwears,2025-05-07T16:17:47.000Z
,https://www.instagram.com/p/DJUPqP3Mndx/,nextman,,,10,mothecomedian,3 suits for your summer RSVP’s. @mothecomedian has got you . #nextman,2025-05-06T14:58:54.000Z
212703.0,https://www.instagram.com/p/DJQ7SIUgP9p/,,53348.0,35.829,142,sofynicoledobson,Which wedding guest outfit should @sofynicoledobson choose!? ️,2025-05-05T08:06:43.000Z
133741.0,https://www.instagram.com/p/DJ3kkcItIQ9/,,0.0,12.281,48,chloemaycraig,Warning: May cause spontaneous squealing  @chloemaycraig,2025-05-20T08:21:33.000Z
,https://www.instagram.com/p/DJO8B50sao1/,nextkids,,,18,,"Dressed in sunshine, matching with their besties...☀️ #nextkids",2025-05-04T14:01:05.000Z
141998.0,https://www.instagram.com/p/DJydViKgOfV/,,0.0,15.371,23,katherine_bondd,6 chic outfits for a sunny summer in the city ✨ @katherine_bondd,2025-05-18T08:49:27.000Z
211320.0,https://www.instagram.com/p/DJBh7VVAgoV/,nextwomens,63914.0,12.446,55,missy_elz,8 summer fits for however you choose to vacay  @missy_elz  #nextwomens,2025-04-29T08:41:49.000Z
95450.0,https://www.instagram.com/p/DI_ZpDgtAlV/,nextwomens,22909.0,15.166,19,oliviaandalice,Celebrating the start of a sunny week with loud prints and bold pops of colour  @oliviaandalice  #nextwomens,2025-04-28T12:46:01.000Z
272167.0,https://www.instagram.com/p/DJOaERTgCfp/,nextwomens,83854.0,13.468,15,_meaganwells,That feeling of finally wearing the outfit you’ve been saving for your holiday  @_meaganwells  #nextwomens,2025-05-04T08:34:52.000Z
,https://www.instagram.com/p/DJJJQxpOSgC/,nextwomens,,,9,,The chicest way to bring the outdoors in this spring... #nextwomens,2025-05-02T08:00:02.000Z
,https://www.instagram.com/p/DJD_kS8gIZK/,nextwomens,,,3,,Keepin' it light in linen for effortless summer looks  #nextwomens,2025-04-30T08:00:15.000Z
,https://www.instagram.com/p/DI1ZxlMt7qh/,nextwomens,,,2,,By the pool or on the beach...a cover up is the chicest way to look put together this summer  #nextwomens,2025-04-24T16:00:50.000Z
,https://www.instagram.com/p/DI5sddGsdYs/,nextwomens,,,4,,For the days when you want to look put-together without even trying  #nextwomens,2025-04-26T08:00:23.000Z
89990.0,https://www.instagram.com/p/DI3FyyZAe7P/,,22075.0,23.777,24,tonss__,Matching fits for you and your built in bestie  @tonss__,2025-04-25T07:23:31.000Z
83213.0,https://www.instagram.com/p/DI1UxbPglKO/,"NEXTHomexGlassette, AD",14055.0,32.252,25,"nexthome, houseonthecircus","NEXT Home x Glassette: A Room By Room Edit
 
Step inside the season with a curated room-by-room edit from the @nexthome Spring Summer 2025 collection, styled by Glassette. From serene bedrooms to golden hour kitchens and vibrant alfresco moments, this edit brings character, colour, and effortless charm to every corner of your home.
 
We brought the edit to life in @houseonthecircus light-filled Victorian home in Crystal Palace, an inspiring space where classic architecture meets contemporary design.
 
Shop the edit via link in bio.
 
#NEXTHomexGlassette
#AD",2025-04-24T14:48:02.000Z
86960.0,https://www.instagram.com/p/DIyCQSGgZO6/,nextwomens,25973.0,23.241,9,"gratsikat, grandykat",From coffee to cocktails...a signature waistcoat makes for the perfect outfit base✨ @gratsikat @grandykat  #nextwomens,2025-04-23T08:11:48.000Z
92795.0,https://www.instagram.com/p/DJHJy-ttsnq/,nextwomens,19396.0,11.006,10,,The ultimate outfit inspo for chasing sunsets and sipping spritzes this holiday season  #nextwomens,2025-05-01T13:18:07.000Z
102394.0,https://www.instagram.com/p/DIinFy5guPm/,nextwomens,29686.0,30.466,3,joannachimonides,Because sunshine season fits should never be boring...✨ @joannachimonides  #nextwomens,2025-04-17T08:25:19.000Z
,https://www.instagram.com/p/DIVie-Gx_UK/,nextwomens,,,20,missjamiefirth,White jeans: The comeback we’ve all been waiting for @missjamiefirth  #nextwomens,2025-04-12T07:00:55.000Z
126354.0,https://www.instagram.com/p/DIdbadYgk69/,nextwomens,40014.0,30.37,19,_meaganwells,Psssttttt...summer is calling  wherever the destination...we’ve got the fits to match  @_meaganwells  #nextwomens,2025-04-15T08:06:29.000Z
,https://www.instagram.com/p/DIa1Dygtt7T/,nextwomens,,,4,,Our go-to print for soaking up the sun this season #nextwomens,2025-04-14T08:00:18.000Z
,https://www.instagram.com/p/DIRI3eks-Pn/,nextwomens,,,3,,Outfits for every destination. Where to next? ✈️ #nextwomens,2025-04-10T14:00:11.000Z
125528.0,https://www.instagram.com/p/DIgG-VOAmNu/,nextwomens,38903.0,29.999,15,emmarosethatcher,We’ll be obsessing over this crochet set until further notice  @emmarosethatcher  #nextwomens,2025-04-16T09:05:35.000Z
85128.0,https://www.instagram.com/p/DIqihwTgBDX/,,17567.0,15.3,7,the.table.stylist,"Bringing a touch of spring magic to the table ✨
Happy Easter everyone  @the.table.stylist",2025-04-20T10:16:10.000Z
,https://www.instagram.com/p/DIlGBZvgTSn/,nextwomens,,,2,,It’s official: drop waist dresses are having a moment and we couldn't be happier  #nextwomens,2025-04-18T08:00:04.000Z
81663.0,https://www.instagram.com/p/DIZAscztZ6R/,nextwomens,17170.0,11.098,29,,Fashion forecast: A high chance of bold prints with a side of sunshine  #nextwomens,2025-04-13T14:53:13.000Z
313817.0,https://www.instagram.com/p/DIvfRvkAhNI/,nextwomens,125920.0,26.3,38,perriesian,4 outfits that’ll convice you to book that summer holiday ✈️ @perriesian  #nextwomens,2025-04-22T08:28:24.000Z
,https://www.instagram.com/p/DInq4U7sjXY/,nextkids,,,9,,Spending our weekend dreaming of golden hour somewhere balmy ☀️ #nextkids,2025-04-19T08:00:39.000Z
108545.0,https://www.instagram.com/p/DI-7QsxAgOy/,nextwomens,25163.0,14.14,15,styledbykeelie,"Welcoming the sunshine back with 6 of our favourite spring summer looks ☺️✨
@styledbykeelie  #nextwomens",2025-04-28T08:20:53.000Z
,https://www.instagram.com/p/DIN4oingdle/,nextwomens,,,12,,POV: our camera roll after shooting for our new campaign in Mexico  #nextwomens,2025-04-09T07:10:51.000Z
,https://www.instagram.com/p/DH5-4n7thT3/,nextwomens,,,9,,A jacket you’ll find yourself reaching for over and over again this spring ✨ #nextwomens,2025-04-01T13:40:40.000Z
,https://www.instagram.com/p/DH_KsfuITQt/,"NEXTHomexGlassette, AD",,,60,,"A curated Spring Edit by NEXT Home x Glassette

A collection made to bring joy to your table ️Whether it’s Floral Dreams with organic vases, The Joyful Table with playful colour pops, or a Springtime Gathering bathed in sunshine, this curation is all about style, texture, and effortless hosting.

Shop the edit via link in bio.

#NEXTHomexGlassette
#AD",2025-04-03T14:00:04.000Z
246998.0,https://www.instagram.com/p/DIBLEAVAr9j/,nextwomens,85802.0,55.007,50,sofynicoledobson,These jeans are going viral for a reason @sofynicoledobson  #nextwomens,2025-04-04T08:43:47.000Z
,https://www.instagram.com/p/DIDgzBItUIS/,nextwomens,,,8,hopemarsh,Levelled up for trench coat szn in an all-new denim twist @hopemarsh  #nextwomens,2025-04-05T07:00:09.000Z
160608.0,https://www.instagram.com/p/DH20LHWAAHy/,,48657.0,23.59,41,esterapawlak,Matching outfits all day everyday with @esterapawlak,2025-03-31T08:10:00.000Z
,https://www.instagram.com/p/DHvBYklRgEj/,,,,10,,Our biggest flex this summer is being the best dressed guest at any event,2025-03-28T08:00:51.000Z
73533.0,https://www.instagram.com/p/DIMVaJ2NWvt/,nextwomens,17222.0,28.64,13,,"Tropical escape or city adventure? You choose the getaway, we’ll bring the style... #nextwomens",2025-04-08T16:47:08.000Z
,https://www.instagram.com/p/DH07AbkRMS4/,nextwomens,,,15,,Did we just find the perfect summer holiday co-ord!?  #nextwomens,2025-03-30T15:00:27.000Z
,https://www.instagram.com/p/DH73RMtxwR7/,nextkids,,,8,,"Colourful, comfy and perfect for every day!  #nextkids",2025-04-02T07:15:25.000Z
164305.0,https://www.instagram.com/p/DIGRbchAr8i/,nextwomens,58063.0,13.907,18,whatgigiwears,We’re calling it ✨ city break chic ✨ @whatgigiwears  #nextwomens,2025-04-06T08:15:21.000Z
,https://www.instagram.com/p/DILjtxdgcgj/,nextwomens,,,4,,Your go-to destination for summering in style. Building your dream new season wardrobe starts here... #nextwomens,2025-04-08T09:29:35.000Z
147437.0,https://www.instagram.com/p/DH0P9VGgaQn/,,48571.0,25.4,7,sineadcrowe,"Happy Mother’s Day This year we’re focusing on the greatest gift of all, quality time! And to anyone that finds today a tricky one, we see you ❤️‍ @sineadcrowe",2025-03-30T08:19:42.000Z
,https://www.instagram.com/p/DHk66EfusJm/,nextwomens,,,3,,Spring plans? We love a halter neck for an effortlessy chic look ✨ #nextwomens,2025-03-24T09:30:42.000Z
77877.0,https://www.instagram.com/p/DHso_JIAXu8/,nextwomens,20272.0,60.069,10,kierah.hamilton,@kierah.hamilton is the epitome of spring (inside and out)  #nextwomens,2025-03-27T09:24:22.000Z
,https://www.instagram.com/p/DHVYU3Fsjf0/,,,,7,,Taking spring by storm...which look from Rochelle's series is your fav? ✨,2025-03-18T09:00:52.000Z
,https://www.instagram.com/p/DHgiVfMu_QM/,nextwomens,,,7,,"The dress we'll be living in, all summer long  #nextwomens",2025-03-22T17:00:48.000Z
166206.0,https://www.instagram.com/p/DHdLbccgDdE/,nextwomens,54022.0,8.066,46,laura.adlington,@laura.adlington bringing the sunshine in 5 must-have spring dresses ✨ #nextwomens,2025-03-21T09:18:21.000Z
,https://www.instagram.com/p/DHp3xKvOD9p/,nextwomens,,,8,,Keepin' it crochet for the forseeable ✨ #nextwomens,2025-03-26T08:00:36.000Z
,https://www.instagram.com/p/DHQOro1Nqgs/,nextwomens,,,5,,It's all about the silhouette in this cinched denim shirt...the perfect addition to your capsule wardrobe  #nextwomens,2025-03-16T09:00:38.000Z
83813.0,https://www.instagram.com/p/DHYCw04s-0G/,,23814.0,56.107,8,rochellehumes,@rochellehumes takes on our quickfire questions...,2025-03-19T09:21:10.000Z
,https://www.instagram.com/p/DHa2fE0t6YQ/,nextwomens,,,5,,A stylish take on your everyday tee...which graphic is your fav? ️ #nextwomens,2025-03-20T12:00:35.000Z
,https://www.instagram.com/p/DHiJZe5RW3v/,,,,9,,Swapped pyjama chic into a daytime vibe. Comfort never looked so good ✨,2025-03-23T08:00:43.000Z
,https://www.instagram.com/p/DHnS9artzPQ/,nextkids,,,16,,Giant strawberries and stripes should be a staple for every wardrobe   #nextkids,2025-03-25T08:00:22.000Z
73239.0,https://www.instagram.com/p/DHTu8e-NJwI/,,16850.0,15.045,15,,She’s back and better than ever with your go-to fits for the ultimate spring wardrobe ✨,2025-03-17T17:10:36.000Z
,https://www.instagram.com/p/DHNjDL3NwcP/,nextwomens,,,4,,Embroidered jeans are our favourite way to elevate denim this spring✨  #nextwomens,2025-03-15T08:00:42.000Z
,https://www.instagram.com/p/DHIk5iTNHP2/,nextwomens,,,6,irenesteelestyle,"Dressed up or dressed down, a co-ord is our go-to for an effortlessly chic look ✨ @irenesteelestyle  #nextwomens",2025-03-13T09:15:35.000Z
,https://www.instagram.com/p/DGzzGJjOXAT/,nextwomens,,,8,,Our favourite comeback yet...get ready to spot polka dot everywhere this spring ✨ #nextwomens,2025-03-05T08:00:39.000Z
152077.0,https://www.instagram.com/p/DG5HqR1AaUx/,nextwomens,54518.0,26.98,41,jasminxomar,Swooning over @jasminxomar and her Eid outfit rotation  #nextwomens,2025-03-07T09:09:10.000Z
,https://www.instagram.com/p/DHF8o9UANip/,nextwomens,,,6,,All-new for 2025...introducing our woven mary jane shoes  #nextwomens,2025-03-12T08:40:32.000Z
,https://www.instagram.com/p/DG-GT21N7LX/,,,,2,,Doused in yellow for the perfect sunshine look ✨,2025-03-09T08:01:07.000Z
,https://www.instagram.com/p/DHK-SK-uh8F/,nextwomens,,,6,,Nothing beats the feeling of finding denim you can depend on  #nextwomens,2025-03-14T08:00:54.000Z
,https://www.instagram.com/p/DG2X2bUMTsB/,nextkids,,,62,,The perfect set does in fact exist... #nextkids,2025-03-06T08:00:16.000Z
,https://www.instagram.com/p/DHArExIOxVM/,nextwomens,,,11,,Our yellow linen suit sure does know how to command attention this spring  #nextwomens,2025-03-10T08:00:48.000Z
,https://www.instagram.com/p/DG7oZbzNRgo/,nextwomens,,,5,,Strictly sunny vibes only: yellow is set to takeover this spring  #nextwomens,2025-03-08T09:01:06.000Z
109738.0,https://www.instagram.com/p/DHDcUmZtGR8/,nextwomens,36699.0,10.75,6,pollyvsayer’s,@pollyvsayer’s masterclass in the power of wearing vs styling  #nextwomens,2025-03-11T09:20:48.000Z
,https://www.instagram.com/p/DGxOVnFRRKr/,nextwomens,,,7,,A series of transitional jackets to have on your radar this spring ️✨ #nextwomens,2025-03-04T08:00:08.000Z
,https://www.instagram.com/p/DGkhQKIt26h/,nextwomens,,,10,,"✨ Print of the week ✨
Cow print is quickly becoming the easiest way to dress up any outfit...making a bold statement anywehere from jackets to shoes  #nextwomens",2025-02-27T09:07:03.000Z
,https://www.instagram.com/p/DGhxhynu4ou/,nextwomens,,,11,,Swipe to see how we've styled up this dreamy stripe co-ord from day to night  #nextwomens,2025-02-26T08:00:36.000Z
,https://www.instagram.com/p/DGsV-Fss7UE/,nexthome,,,6,,The cosiest spot to unwind after a long week  If you need us.... we’ll be here #nexthome,2025-03-02T10:01:37.000Z
118261.0,https://www.instagram.com/p/DGu4s9-A-4F/,,37019.0,28.768,3,debbielegrainger,When you and your mini me understood the assignment  We’re so ready for the spring fits...@debbielegrainger,2025-03-03T09:44:14.000Z
132308.0,https://www.instagram.com/p/DGpzA6RAUkT/,nextkids,38007.0,16.033,10,aliyahxeleia,Spring into style with our dream team @aliyahxeleia  #nextkids,2025-03-01T10:18:35.000Z
229556.0,https://www.instagram.com/p/DGaxKlUtuUc/,nextwomens,91724.0,50.066,22,thestylingthree,1 statement co-ord styled on 3 beautiful bodies @thestylingthree  #nextwomens,2025-02-23T14:17:20.000Z
271558.0,https://www.instagram.com/p/DGnJmIzgX5u/,nextwomens,94553.0,10.819,75,missy_elz,Love cow print but unsure how to style it? Here are 6 looks to get you started  @missy_elz  #nextwomens,2025-02-28T09:39:39.000Z
,https://www.instagram.com/p/DGczBQgA10F/,,,,11,,From fringed jackets to luxe handbags...everyone’s talking about suede! Swipe to see our top picks,2025-02-24T09:07:37.000Z
,https://www.instagram.com/p/DGfTjltu-sT/,nextwomens,,,9,,Back like it never left...all-new crochet for the ultimate boho vibes ✨ #nextwomens,2025-02-25T09:00:16.000Z
,https://www.instagram.com/p/DGSbrfXtN4S/,nextwomens,,,14,missy_elz,"Who said loungewear was just for wearing at home?☕
@missy_elz  #nextwomens",2025-02-20T09:00:49.000Z
88951.0,https://www.instagram.com/p/DGV751_AYlf/,,21322.0,19.033,11,mollieee.c,Our favourite kind of outfits? The ones that look just as good out the house as they do in  @mollieee.c,2025-02-21T17:11:17.000Z
180838.0,https://www.instagram.com/p/DGQ2DVsst2W/,,54167.0,22.0,7,nextofficial,"AD From reformer & refuel to Sunday lounging & self-care, Sapna is living in the @nextofficial SELF collection – premium quality without the premium price tag…",2025-02-19T17:43:48.000Z
,https://www.instagram.com/p/DGI4WayMUpN/,nexthome,,,4,,"Mirror mirror on the wall, who is the most fabulous mirror of them all?  ...well obviously this one from N. Premium  #nexthome",2025-02-16T15:29:23.000Z
,https://www.instagram.com/p/DFumdtXgHJU/,,,,5,,Be nothing but yourSELF in chic athleisure...perfect for mastering that on-the-go look  ☕,2025-02-06T10:32:50.000Z
144006.0,https://www.instagram.com/p/DGAc5WHglDh/,,39747.0,13.733,3,,Pssst there’s still time! Here are a few of our favourite last minute Vday gifts...,2025-02-13T08:58:06.000Z
157470.0,https://www.instagram.com/p/DF7cf3ugYhg/,,40349.0,7.166,2,,Bringing our own sunshine on these gloomy days ✨,2025-02-11T10:17:20.000Z
,https://www.instagram.com/p/DGIIZXpt8gE/,nextwomens,,,10,,Spotted: statement stripes  #nextwomens,2025-02-16T09:00:29.000Z
,https://www.instagram.com/p/DGNR8_bRlQE/,,,,7,,"Boho is back and this time, think soft florals and free-spirited shapes perfect with cowboy boots and tousled curls",2025-02-18T09:00:04.000Z
183206.0,https://www.instagram.com/p/DGFr_G_Ahn4/,nextkids,57478.0,14.133,30,esterapawlak,"We’re obsessed with this adorable mum-and-daughter trio, bringing all the spring wardrobe vibes...@esterapawlak #nextkids",2025-02-15T09:44:01.000Z
,https://www.instagram.com/p/DF4k0cWMVQo/,nextwomens,,,1,,Dress it up or dress it down...a relaxed denim shirt is always in style  #nextwomens,2025-02-10T08:00:54.000Z
122030.0,https://www.instagram.com/p/DFr7OTGgBiV/,nextwomens,31507.0,7.366,19,missy_elz,When the shoes are the main event...@missy_elz  #nextwomens,2025-02-05T09:43:31.000Z
,https://www.instagram.com/p/DF9uYflMeZg/,,,,9,,Who knew cherries and checkers would make the cutest combination,2025-02-12T08:00:55.000Z
110566.0,https://www.instagram.com/p/DFxCQzEAbG9/,nextwomens,33664.0,14.5,5,junabanda_,The perfect “let’s go grab coffee” fits ☕ @junabanda_  #nextwomens,2025-02-07T09:19:01.000Z
,https://www.instagram.com/p/DFziGubMFaY/,nextwomens,,,4,,"Give it up for gingham 
a statement print with purpose...#nextwomens",2025-02-08T09:00:47.000Z
,https://www.instagram.com/p/DFpO8hrvI5b/,nextkids,,,14,,Playtime just got cuter  #nextkids,2025-02-04T09:01:02.000Z
171204.0,https://www.instagram.com/p/DFXPfnfg97H/,,59652.0,19.733,9,esterapawlak,Built-in besties for life @esterapawlak,2025-01-28T16:07:43.000Z
120936.0,https://www.instagram.com/p/DFZ2AuTA-Bz/,nextwomens,39172.0,49.5,32,thestylingthree,The perfect outfit to transition seamlessly from your desk to drinks ✨ @thestylingthree  #nextwomens,2025-01-29T09:08:15.000Z
,https://www.instagram.com/p/DFPe5_Fstin/,nextwomens,,,8,,The co-ord: the go-to piece for an effortless look  #nextwomens,2025-01-25T09:00:28.000Z
,https://www.instagram.com/p/DFmvCVAMiqg/,,,,1517,nexthome,"COMPETITION CLOSED  Welcome to your new home for home inspo  to celebrate our arrival we are giving you the chance to win £500 to spend at Next Home! ✨
To enter:
1. Follow @nexthome
2. Like this post 
3. Tag 3 friends
4. Post to stories 
Good luck and thanks for joining us! ✨Entries close at 5pm on the 10th February",2025-02-03T09:13:49.000Z
116788.0,https://www.instagram.com/p/DFUu2KSteG0/,nexthome,35666.0,8.933,10,beatricebeckett,Cancelled plans you say? oh no what a shame  @beatricebeckett #nexthome,2025-01-27T09:29:29.000Z
224920.0,https://www.instagram.com/p/DFSGH2GA3mW/,,69576.0,19.866,50,esterapawlak,Berry sweet  @esterapawlak,2025-01-26T08:55:17.000Z
,https://www.instagram.com/p/DFhgiCzNa5k/,nextwomens,,,9,,She's a signature staple for every wardrobe  #nextwomens,2025-02-01T09:00:56.000Z
191891.0,https://www.instagram.com/p/DFkRAJbg67c/,,58988.0,32.433,24,home.in.herts,There is nothing quite like the random motivation to get your life together on a Sunday ✨ @home.in.herts,2025-02-02T10:17:37.000Z
212565.0,https://www.instagram.com/p/DFfI_eGgC8f/,nextwomens,64160.0,7.766,26,,Wrapped up in colour  #nextwomens,2025-01-31T10:30:54.000Z
88115.0,https://www.instagram.com/p/DFcdfGYAeRz/,nextwomens,24073.0,21.066,10,whatgigiwears,Style never takes a day off  @whatgigiwears  #nextwomens,2025-01-30T09:31:35.000Z
174835.0,https://www.instagram.com/p/DEuIhcAgzqT/,nexthome,57636.0,14.566,12,,A little peek at some newness for you  #nexthome,2025-01-12T09:42:52.000Z
352040.0,https://www.instagram.com/p/DFKmOIqAYgB/,nexthome,117422.0,14.033,85,naomivictorias,Love is in the airrrrrr  @naomivictorias #nexthome,2025-01-23T10:58:18.000Z
143450.0,https://www.instagram.com/p/DE7C0PZA4xd/,nexthome,44602.0,17.4,9,,Let’s get some ✨colour✨ up in here #nexthome,2025-01-17T10:00:19.000Z
,https://www.instagram.com/p/DE9dcHNOz4s/,nextwomens,,,11,,3 co-ords for simple yet chic January dressing  #nextwomens,2025-01-18T09:00:56.000Z
81611.0,https://www.instagram.com/p/DFH1lIlgANC/,,17881.0,8.3,4,,"Well it is Wednesday…
️",2025-01-22T09:18:13.000Z
,https://www.instagram.com/p/DFFL0zaOLpW/,,,,6,,"A colour that demands attention  Versatile, timeless and effortlessly powerful...",2025-01-21T09:00:56.000Z
,https://www.instagram.com/p/DEwlbvaRhts/,nextwomens,,,7,,A staple for every wardrobe...  #nextwomens,2025-01-13T09:00:42.000Z
195953.0,https://www.instagram.com/p/DE1xab_gt0s/,,56031.0,4.766,27,,The ultimate cool girl trainer,2025-01-15T08:52:32.000Z
239501.0,https://www.instagram.com/p/DFALfu0gl2b/,nexthome,79996.0,16.233,64,jessicashomestyle,This is your ✨sign✨ to host a galentine’s brunch for your besties  @jessicashomestyle #nexthome,2025-01-19T10:01:05.000Z
118930.0,https://www.instagram.com/p/DFCsRtKAn_Z/,,30066.0,9.8,7,,,2025-01-20T09:18:04.000Z
,https://www.instagram.com/p/DEzKOO2NO0f/,nextkids,,,12,,We spot a cosy looking co-ord ✨#nextkids,2025-01-14T09:00:42.000Z
83683.0,https://www.instagram.com/p/DE4ZFoVgTUr/,nextwomens,19468.0,8.133,5,,Leopard will never be out...but cow print is definitely in  #nextwomens,2025-01-16T09:18:42.000Z
,https://www.instagram.com/p/DERk8VMRZoI/,nextwomens,,,6,bethanmccoy,"Starting the New Year as we mean to go on  
@bethanmccoy  #nextwomens",2025-01-01T08:00:10.000Z
,https://www.instagram.com/p/DEW7etitIYV/,nexthome,,,4,,"This year, I really think I should leave my comfort zone more...
My comfort zone: ☕ #nexthome",2025-01-03T09:25:12.000Z
131648.0,https://www.instagram.com/p/DErirg_gftY/,nextwomens,30729.0,7.3,25,,The ultimate it girl trainers to have on your radar this season  #nextwomens,2025-01-11T09:31:25.000Z
,https://www.instagram.com/p/DEUJwPfuTtA/,Nextwomens,,,7,,Our secret to looking put together in 2025? A bold touch of red  #Nextwomens,2025-01-02T08:00:10.000Z
,https://www.instagram.com/p/DEo2_TSxAfD/,nextkids,,,7,,Mini varsity vibes ✨ #nextkids,2025-01-10T09:00:16.000Z
122541.0,https://www.instagram.com/p/DEhWNzIATek/,nextwomens,40696.0,14.1,9,whatgigiwears,"New year, same faux fur obsession  @whatgigiwears  #nextwomens",2025-01-07T10:32:02.000Z
,https://www.instagram.com/p/DEej0bCt2Mz/,nextwomens,,,27,,2025 is all about bright knitwear and we are so here for it ‍♀️‍♀️ #nextwomens,2025-01-06T09:00:13.000Z
366024.0,https://www.instagram.com/p/DEZh-o8gL1E/,nextwomens,139801.0,47.6,50,gracecharlesstyle,Can we all agree that loungewear is mandatory in January please!?  @gracecharlesstyle  #nextwomens,2025-01-04T09:42:18.000Z
,https://www.instagram.com/p/DEjtbHZsATt/,nexthome,,,6,,WFB (working from bed) ❄️ #nexthome,2025-01-08T09:00:37.000Z
,https://www.instagram.com/p/DEmSSxXuzHB/,nextwomens,,,14,,Psssttt...have you heard about our leopard trench yet?  #nextwomens,2025-01-09T09:00:47.000Z
,https://www.instagram.com/p/DEPAJT2N7Qd/,,,,5,,Here's to a sweet 2025,2024-12-31T08:00:10.000Z
,https://www.instagram.com/p/DEb_Aivx6VS/,,,,17,,If Sunday was an outfit... ✨,2025-01-05T09:00:13.000Z
230007.0,https://www.instagram.com/p/DD9-qJCAzXo/,,97502.0,11.866,12,,We’ve got a sneaky feeling you’ll find that the Next Sale is online now,2024-12-24T16:51:32.000Z
94669.0,https://www.instagram.com/p/DEEtBlIIzVy/,,15985.0,9.666,42,,Ready to bag the best deals? The Next Sale is now live online and in-store ️,2024-12-27T08:00:39.000Z
,https://www.instagram.com/p/DFM6F6wpJAi/,,,,26,,Stealing hearts ❣️,2025-01-24T09:00:02.000Z
,https://www.instagram.com/p/DEMbaWPNVEN/,nextkids,,,27,,If there's one thing we're taking into 2025... it's the cherry cardigan!   #nextkids,2024-12-30T08:00:33.000Z
313364.0,https://www.instagram.com/p/DDy4lrSglSw/,nexthome,104544.0,45.733,20,jessicashomestyle,Save for some gift wrapping inspo that’ll earn you those extra mince pie points    @jessicashomestyle #nexthome,2024-12-20T09:25:59.000Z
298850.0,https://www.instagram.com/p/DD6fteUgRyF/,,124062.0,24.0,3,aliyahxelia,"Let’s get cosy for Santa! Hot chocolate, matching PJ’s and festive magic ❄️❤️ @aliyahxelia",2024-12-23T08:29:18.000Z
,https://www.instagram.com/p/DEHRz7OxpoL/,,,,1,,Let confidence be your best accessory this NYE ✨,2024-12-28T08:00:29.000Z
205601.0,https://www.instagram.com/p/DEKGooNAcFm/,nexthome,63925.0,25.233,22,cottagerenovationcwmrhys,"Whether you’re heading out or staying in, we hope you have a fabulous New Year  @cottagerenovationcwmrhys #nexthome",2024-12-29T09:51:02.000Z
,https://www.instagram.com/p/DDwGmcWvbaF/,nextwomens,,,0,,Just landed: our burgundy blazer of dreams    #nextwomens,2024-12-19T08:00:07.000Z
,https://www.instagram.com/p/DDth2xfMQbb/,nextwomens,,,1,,Tis the season to shine ✨ #nextwomens,2024-12-18T08:00:19.000Z
,https://www.instagram.com/p/DD1XHNvvI2L/,nextwomens,,,11,irenesteelestyle,Stepping into NYE with a whole load of sequins and sparkle ✨ @irenesteelestyle  #nextwomens,2024-12-21T09:00:25.000Z
184772.0,https://www.instagram.com/p/DD4EKVEga3h/,nextwomens,64225.0,64.866,31,thestylingthree,Jeans and a nice top is always a good idea @thestylingthree  #nextwomens,2024-12-22T09:43:32.000Z
111187.0,https://www.instagram.com/p/DECYJshAg2C/,nexthome,24582.0,21.8,4,hiimatildashome,From ☀️ to  there is nothing better than being cosy on Boxing Day ❤️ @hiimatildashome #nexthome,2024-12-26T09:55:27.000Z
317817.0,https://www.instagram.com/p/DDT-2SOA7Em/,,129355.0,22.8,21,aliyahxelia,"Mum and me, matching by the tree...❤️ @aliyahxelia",2024-12-08T09:24:27.000Z
218358.0,https://www.instagram.com/p/DDe6uJrtkvk/,nextwomens,91344.0,22.266,26,georgwhite,3 party-ready fits for the festivities  @georgwhite  #nextwomens,2024-12-12T15:22:02.000Z
137889.0,https://www.instagram.com/p/DDg1uybAfXn/,,44293.0,26.866,4,naaomiross,Festive family fun with @naaomiross ✨,2024-12-13T09:15:57.000Z
,https://www.instagram.com/p/DDWgPnDNHgV/,,,,1,,"5 tips on styling lace this party season ✨…

- Underwear - 2 options: be bold and be seen OR disguise with skin tones - either way, avoid visible seams or brightly coloured garments unless it's intentional!
- Balance is key - since lace is intricate, pair it with simple and solid pieces to avoid overwhelm (unless it's a co-ord, of course!) 
- Let the lace do the talking - keep your accessories subtle for an elegant look
- It's not just for evenings - embrace lace for daytime by opting for lighter shades and styling with denim 
- Lace should fit well; too-tight lace can stretch and lose its delicate pattern, while oversized lace can look unkempt. Find a silhouette which suits your body shape",2024-12-09T09:00:45.000Z
,https://www.instagram.com/p/DDbgWNfx43Z/,NextWomens,,,4,,A step-by-step guide to incorporating leopard print into your wardrobe  #NextWomens,2024-12-11T08:00:47.000Z
60607.0,https://www.instagram.com/p/DDjcjg9gvRH/,,11568.0,19.133,0,denis,Taking your looks from day to night one sequin at a time ✨ @denis,2024-12-14T09:40:18.000Z
165779.0,https://www.instagram.com/p/DDPhLFGgv7z/,nextwomens,59391.0,30.033,28,frankiebridge,Which festive fit is your favourite? ✨ @frankiebridge  #nextwomens,2024-12-06T16:05:07.000Z
,https://www.instagram.com/p/DDoYVXzMaH9/,nextkids,,,13,,Cuddle club  #nextkids,2024-12-16T08:00:58.000Z
70165.0,https://www.instagram.com/p/DDmEhVcA8Kn/,nextwomens,14626.0,29.7,1,pollyvsayer,3 trending coat styles to know about this season  @pollyvsayer  #nextwomens,2024-12-15T10:00:14.000Z
111906.0,https://www.instagram.com/p/DDrcXPrA42T/,nexthome,38052.0,21.366,7,shnordic,Any excuse to give the kitchen a festive glow up ✨ @shnordic #nexthome,2024-12-17T12:07:06.000Z
,https://www.instagram.com/p/DDRUODMve6B/,nextwomens,,,5,,Our favourite partywear trends of 2024... #nextwomens,2024-12-07T09:00:54.000Z
166382.0,https://www.instagram.com/p/DDZJn__gCZ-/,nexthome,57992.0,16.8,13,emilytierneyofficial,The table is set ️ only 15 days till the big day ✨@emilytierneyofficial #nexthome,2024-12-10T09:34:14.000Z
,https://www.instagram.com/p/DDNBY5gN-EG/,nextwomens,,,3,,Elevating the everyday with standout accessory styles  #nextwomens,2024-12-05T17:01:07.000Z
541958.0,https://www.instagram.com/p/DDKiOfkAqJZ/,nextwomens,268960.0,71.966,56,thestylingthree,1 party dress on 3 different sizes  @thestylingthree  #nextwomens,2024-12-04T17:27:21.000Z
83841.0,https://www.instagram.com/p/DDHCOaHAsrR/,nexthome,23523.0,14.466,8,no.17house,More cosy moments like this please  @no.17house #nexthome,2024-12-03T08:59:20.000Z
,https://www.instagram.com/p/DDB3QPLRnyh/,nextwomens,,,15,sophieapps,A berry red satin moment  @sophieapps  #nextwomens,2024-12-01T09:01:03.000Z
,https://www.instagram.com/p/DDEi1pFuoe2/,nextwomens,,,8,,Trending Now: Heritage Style  #nextwomens,2024-12-02T10:00:09.000Z
